,formula,k_expt,k-units,k_condition,k_condition_units
0,BeS,157.0,W/m.K,room temperature,"[{'name': 'Temperature', 'scalars': [{'value': 'room temperature'}]}]"
1,CdS,19.9,W/m.K,room temperature,"[{'name': 'Temperature', 'scalars': [{'value': 'room temperature'}]}]"
2,GaN,181.0,W/m.K,room temperature,"[{'name': 'Temperature', 'scalars': [{'value': 'room temperature'}]}]"
3,ZnO,64.5,W/m.K,room temperature,"[{'name': 'Temperature', 'scalars': [{'value': 'room temperature'}]}]"
4,ZnSe,15.6,W/m.K,room temperature,"[{'name': 'Temperature', 'scalars': [{'value': 'room temperature'}]}]"
5,BAs,2940.0,W/m.K,room temperature,"[{'name': 'Temperature', 'scalars': [{'value': 'room temperature'}]}]"
6,ZnO,64.5,W/m.K,room temperature,"[{'name': 'Temperature', 'scalars': [{'value': 'room temperature'}]}]"
7,BeO,447.0,W/m.K,room temperature,"[{'name': 'Temperature', 'scalars': [{'value': 'room temperature'}]}]"
8,GaAs,32.1,W/m.K,room temperature,"[{'name': 'Temperature', 'scalars': [{'value': 'room temperature'}]}]"
9,SiC,372.0,W/m.K,room temperature,"[{'name': 'Temperature', 'scalars': [{'value': 'room temperature'}]}]"
10,ZnS,36.5,W/m.K,room temperature,"[{'name': 'Temperature', 'scalars': [{'value': 'room temperature'}]}]"
11,GaP,104.0,W/m.K,room temperature,"[{'name': 'Temperature', 'scalars': [{'value': 'room temperature'}]}]"
12,BeO,447.0,W/m.K,room temperature,"[{'name': 'Temperature', 'scalars': [{'value': 'room temperature'}]}]"
13,InAs,25.2,W/m.K,room temperature,"[{'name': 'Temperature', 'scalars': [{'value': 'room temperature'}]}]"
14,CuBr,2.75,W/m.K,room temperature,"[{'name': 'Temperature', 'scalars': [{'value': 'room temperature'}]}]"
15,InP,85.2,W/m.K,room temperature,"[{'name': 'Temperature', 'scalars': [{'value': 'room temperature'}]}]"
16,ZnTe,18.9,W/m.K,room temperature,"[{'name': 'Temperature', 'scalars': [{'value': 'room temperature'}]}]"
17,CuI,7.1,W/m.K,room temperature,"[{'name': 'Temperature', 'scalars': [{'value': 'room temperature'}]}]"
18,CuI,7.1,W/m.K,room temperature,"[{'name': 'Temperature', 'scalars': [{'value': 'room temperature'}]}]"
19,GaSb,32.5,W/m.K,room temperature,"[{'name': 'Temperature', 'scalars': [{'value': 'room temperature'}]}]"
20,MgTe,14.7,W/m.K,room temperature,"[{'name': 'Temperature', 'scalars': [{'value': 'room temperature'}]}]"
21,CuCl,1.26,W/m.K,room temperature,"[{'name': 'Temperature', 'scalars': [{'value': 'room temperature'}]}]"
22,AlSb,77.4,W/m.K,room temperature,"[{'name': 'Temperature', 'scalars': [{'value': 'room temperature'}]}]"
23,GaN,181.0,W/m.K,room temperature,"[{'name': 'Temperature', 'scalars': [{'value': 'room temperature'}]}]"
24,AgI,2.44,W/m.K,room temperature,"[{'name': 'Temperature', 'scalars': [{'value': 'room temperature'}]}]"
25,AlN,235.0,W/m.K,room temperature,"[{'name': 'Temperature', 'scalars': [{'value': 'room temperature'}]}]"
26,AlP,84.0,W/m.K,room temperature,"[{'name': 'Temperature', 'scalars': [{'value': 'room temperature'}]}]"
27,InSb,13.8,W/m.K,room temperature,"[{'name': 'Temperature', 'scalars': [{'value': 'room temperature'}]}]"
28,BeTe,90.4,W/m.K,room temperature,"[{'name': 'Temperature', 'scalars': [{'value': 'room temperature'}]}]"
29,CdTe,6.67,W/m.K,room temperature,"[{'name': 'Temperature', 'scalars': [{'value': 'room temperature'}]}]"
30,CdSe,11.4,W/m.K,room temperature,"[{'name': 'Temperature', 'scalars': [{'value': 'room temperature'}]}]"
31,CuCl,1.26,W/m.K,room temperature,"[{'name': 'Temperature', 'scalars': [{'value': 'room temperature'}]}]"
32,CdS,19.9,W/m.K,room temperature,"[{'name': 'Temperature', 'scalars': [{'value': 'room temperature'}]}]"
33,BP,420.0,W/m.K,room temperature,"[{'name': 'Temperature', 'scalars': [{'value': 'room temperature'}]}]"
34,SiC,372.0,W/m.K,room temperature,"[{'name': 'Temperature', 'scalars': [{'value': 'room temperature'}]}]"
35,BeSe,108.0,W/m.K,room temperature,"[{'name': 'Temperature', 'scalars': [{'value': 'room temperature'}]}]"
36,AlN,235.0,W/m.K,room temperature,"[{'name': 'Temperature', 'scalars': [{'value': 'room temperature'}]}]"
37,CuH,14.4,W/m.K,room temperature,"[{'name': 'Temperature', 'scalars': [{'value': 'room temperature'}]}]"
38,CuBr,2.75,W/m.K,room temperature,"[{'name': 'Temperature', 'scalars': [{'value': 'room temperature'}]}]"
39,InN,105.0,W/m.K,room temperature,"[{'name': 'Temperature', 'scalars': [{'value': 'room temperature'}]}]"
40,AgI,2.44,W/m.K,room temperature,"[{'name': 'Temperature', 'scalars': [{'value': 'room temperature'}]}]"
41,AlAs,86.8,W/m.K,room temperature,"[{'name': 'Temperature', 'scalars': [{'value': 'room temperature'}]}]"
42,Ti0.99Nb0.01NiSn,5.8617,W/m$\cdot$K,400,K
43,Cu1.98Se,1.015,W/m$\cdot$K,1000,K
44,Bi2Te3,4.016716418,W/m$\cdot$K,300,K
45,Cr1.3Mo6S8,2.6905,W/m$\cdot$K,700,K
46,Bi1.2S1.2Ti2S4,2.94,W/m$\cdot$K,300,K
47,Ba0.4Sr0.6PbO3,2.2948,W/m$\cdot$K,300,K
48,SrTi0.8Nb0.2O3,8.62,W/m$\cdot$K,400,K
49,Mg2Si0.997Bi0.003,6.16,W/m$\cdot$K,300,K
50,Zn4Sb3,0.75,W/m$\cdot$K,400,K
51,Tl0.01Pb0.99Te,1.55169,W/m$\cdot$K,400,K
52,KBi6.33S10,1.3,W/m$\cdot$K,300,K
53,Pb1.8S1.8Ti2S4,2.51,W/m$\cdot$K,400,K
54,La2.74Te4,1.0,W/m$\cdot$K,700,K
55,In0.2Co4Sb12,2.4757700000000002,W/m$\cdot$K,300,K
56,Ba7SrAl16Si30,2.46,W/m$\cdot$K,700,K
57,CuCr0.96Mg0.04O2,6.8542,W/m$\cdot$K,1000,K
58,Tl2GeTe5,9.07,W/m$\cdot$K,300,K
59,Zn0.9975Al0.0025O,1.9089,W/m$\cdot$K,1000,K
60,Mo3Te4,3.81187,W/m$\cdot$K,300,K
61,SrDy0.08Ti0.92O3,4.195,W/m$\cdot$K,300,K
62,Ca0.9Ho0.1MnO3,1.518351106,W/m$\cdot$K,700,K
63,Zn0.98Al0.02O,27.2,W/m$\cdot$K,400,K
64,Ni2.0Mo6S8,4.2372,W/m$\cdot$K,700,K
65,In1.994Ge0.006O3,9.71545,W/m$\cdot$K,300,K
66,Sr3Ti1.6Nb0.4O7,2.14,W/m$\cdot$K,1000,K
67,La3Te3.35Bi0.65,1.56,W/m$\cdot$K,700,K
68,Zn0.9975Al0.0025O,2.283,W/m$\cdot$K,700,K
69,Ca3AlSb3,0.6920000000000001,W/m$\cdot$K,1000,K
70,La2.99Te4,2.84,W/m$\cdot$K,700,K
71,WO2.9,3.0834,W/m$\cdot$K,300,K
72,SrNd0.2Ti0.8O3,5.53,W/m$\cdot$K,300,K
73,La3Te3.8Sb0.2,2.58,W/m$\cdot$K,400,K
74,Mg2Si0.993Bi0.007,5.68,W/m$\cdot$K,400,K
75,Sr0.61Ba0.39Nb2O6,2.0205,W/m$\cdot$K,400,K
76,TiNiSn,6.0761,W/m$\cdot$K,300,K
77,In1.8Ge0.2O3,2.61135,W/m$\cdot$K,400,K
78,Fe1.96Ti0.04O3,7.82,W/m$\cdot$K,300,K
79,Mg2Si0.999Bi0.001,3.66,W/m$\cdot$K,700,K
80,Ti0.99Nb0.01NiSn,6.8928,W/m$\cdot$K,300,K
81,Ni2.0Mo6S8,5.9752,W/m$\cdot$K,1000,K
82,In1.998Ge0.002O3,6.85319,W/m$\cdot$K,400,K
83,Zr0.5Hf0.5NiSn1.994Sb0.006,2.9636601039999997,W/m$\cdot$K,700,K
84,CeFe3CoSb12,1.91,W/m$\cdot$K,300,K
85,Ca0.96Bi0.04Mn0.96Nb0.04O3,2.16005,W/m$\cdot$K,400,K
86,Mg2Si0.994Bi0.006,6.55,W/m$\cdot$K,300,K
87,Zn0.98Al0.02O,7.92,W/m$\cdot$K,1000,K
88,CuRh0.9Mg0.1O2,9.76717,W/m$\cdot$K,400,K
89,SrNb0.15Ti0.85O3,3.49,W/m$\cdot$K,700,K
90,Li0.0066Ni0.9944O,8.32761,W/m$\cdot$K,400,K
91,Ca5Al2Sb6,1.23,W/m$\cdot$K,400,K
92,BaPbO3,4.15607,W/m$\cdot$K,400,K
93,CaGd0.94Mn0.06O3,2.1394,W/m$\cdot$K,700,K
94,Pb1.8S1.8Ti2S4,1.95,W/m$\cdot$K,700,K
95,Ba8Au5.14Si39.51,2.45,W/m$\cdot$K,700,K
96,Sr3Ti1.6Nb0.4O7,3.89,W/m$\cdot$K,400,K
97,Ca2.97Na0.03AlSb3,0.67,W/m$\cdot$K,1000,K
98,Ca3AlSb3,0.745,W/m$\cdot$K,700,K
99,Mg2Si0.6Ge0.4Ag0.02,3.09,W/m$\cdot$K,400,K
100,LaFe3CoSb12,1.6,W/m$\cdot$K,400,K
101,Mg2Si0.98Bi0.02,2.75,W/m$\cdot$K,1000,K
102,Mg2Si,4.0,W/m$\cdot$K,400,K
103,Sr0.9La0.1TiO3,5.28,W/m$\cdot$K,400,K
104,Ba7SrAl16Si30,2.33,W/m$\cdot$K,400,K
105,Ca0.9Bi0.1MnO3,3.1467,W/m$\cdot$K,400,K
106,WO2.722,8.177,W/m$\cdot$K,300,K
107,SrTi0.8Nb0.2O3,6.14,W/m$\cdot$K,700,K
108,NaCo2O4,4.7639,W/m$\cdot$K,1000,K
109,Tl9BiTe6,0.48100000000000004,W/m$\cdot$K,300,K
110,Sr0.9Y0.1TiO3,6.0,W/m$\cdot$K,400,K
111,Mo6Te6S2,2.93114,W/m$\cdot$K,700,K
112,Si0.8Ge0.2,2.51953,W/m$\cdot$K,400,K
113,ZrNi1.98Cu0.02Sn,6.795,W/m$\cdot$K,400,K
114,Ca4.95Na0.05Al2Sb6,0.833,W/m$\cdot$K,700,K
115,Si0.7956Ge0.1989P0.0055,3.7233699999999996,W/m$\cdot$K,700,K
116,Cr1.3Mo6S8,3.1915,W/m$\cdot$K,1000,K
117,Tl2SnTe5,5.09,W/m$\cdot$K,300,K
118,NaCo2O4,1.9040000000000001,W/m$\cdot$K,300,K
119,TiNiSn,5.51,W/m$\cdot$K,700,K
120,Ba8Ga16Ge30,1.3,W/m$\cdot$K,700,K
121,Tl2SnTe5,6.75,W/m$\cdot$K,300,K
122,In0.1Co4Sb12,2.18825,W/m$\cdot$K,300,K
123,CaMnO3,3.56184,W/m$\cdot$K,300,K
124,In1.94Ge0.06O3,8.86791,W/m$\cdot$K,300,K
125,Zr0.95Nb0.05NiSn,6.6684,W/m$\cdot$K,700,K
126,CuCr0.95Mg0.05O2,6.9878,W/m$\cdot$K,1000,K
127,Ba0.8Sr0.2PbO3,4.0289,W/m$\cdot$K,700,K
128,Mg2Si0.997Bi0.003,3.53,W/m$\cdot$K,700,K
129,Ca0.9Tb0.1MnO3,1.5871,W/m$\cdot$K,400,K
130,Pb0.97Sr0.02TeNa0.01,2.23,W/m$\cdot$K,400,K
131,NbCo1.10Sn,6.7725800000000005,W/m$\cdot$K,1000,K
132,Mo6Te7S,2.7730099999999998,W/m$\cdot$K,300,K
133,CuCr0.98Mg0.02O2,7.5581,W/m$\cdot$K,300,K
134,Ca3Co4O9,2.8369999999999997,W/m$\cdot$K,1000,K
135,Cu4.0Mo6S8,1.3479,W/m$\cdot$K,300,K
136,CaMn0.96Ru0.04O3,3.2397299999999998,W/m$\cdot$K,700,K
137,CaMnO3,3.06714,W/m$\cdot$K,400,K
138,Ca0.9Tb0.1MnO3,1.75635,W/m$\cdot$K,700,K
139,Zn4Sb3,0.6638,W/m$\cdot$K,400,K
140,Ca2.97Na0.03AlSb3,1.67,W/m$\cdot$K,300,K
141,CuCr0.98Mg0.02O2,6.7086,W/m$\cdot$K,400,K
142,Ca0.7Tb0.3MnO3,1.462482104,W/m$\cdot$K,700,K
143,Zn0.95Al0.05O,20.25,W/m$\cdot$K,400,K
144,Ba0.4Sr0.6PbO3,1.9826599999999999,W/m$\cdot$K,700,K
145,Fe1.3Mo6S8,1.4885,W/m$\cdot$K,300,K
146,Ca5Al2Sb6,1.54,W/m$\cdot$K,300,K
147,La3Te3.35Bi0.65,1.83,W/m$\cdot$K,400,K
148,In1.9Ge0.1O3,2.51443,W/m$\cdot$K,1000,K
149,K2Bi8Se13,1.2851700000000001,W/m$\cdot$K,300,K
150,Ba8Au5.59Si39.01,2.41,W/m$\cdot$K,700,K
151,Ba8Au6.10Si38.97,2.33,W/m$\cdot$K,400,K
152,Mg2Si,6.15,W/m$\cdot$K,400,K
153,La3Te3.35Sb0.65,1.17,W/m$\cdot$K,700,K
154,NbCo1.05Sn,7.2322,W/m$\cdot$K,700,K
155,WO2.722,6.2948,W/m$\cdot$K,1000,K
156,CaGd0.94Mn0.06O3,1.9451200000000002,W/m$\cdot$K,1000,K
157,Ca0.9Bi0.1MnO3,3.5909,W/m$\cdot$K,300,K
158,SrNd0.24Ti0.76O3,3.76,W/m$\cdot$K,700,K
159,Sr0.9La0.1TiO3,5.88,W/m$\cdot$K,300,K
160,Mn1.3Mo6S8,1.6274,W/m$\cdot$K,400,K
161,In1.998Ge0.002O3,3.92271,W/m$\cdot$K,700,K
162,Ca0.7Y0.3MnO3,1.46749541,W/m$\cdot$K,400,K
163,CaMnO3,2.0467299999999997,W/m$\cdot$K,700,K
164,Ca0.7Ho0.3MnO3,1.416678012,W/m$\cdot$K,700,K
165,Ca0.9Ho0.1MnO3,1.637290898,W/m$\cdot$K,300,K
166,SrDy0.08Ti0.92O3,3.17,W/m$\cdot$K,700,K
167,Ca2.4Na0.3Bi0.3Co4O9,1.75,W/m$\cdot$K,1000,K
168,Ba8Au6.10Si38.97,2.18,W/m$\cdot$K,300,K
169,ZrNi1.98Cu0.02Sn,7.98,W/m$\cdot$K,300,K
170,Ca0.7Ho0.3MnO3,1.599402623,W/m$\cdot$K,1000,K
171,Ti0.95Nb0.05NiSn,6.3783,W/m$\cdot$K,400,K
172,Zr0.99Nb0.01NiSn,6.0517,W/m$\cdot$K,700,K
173,Fe1.94Ti0.06O3,4.34,W/m$\cdot$K,700,K
174,Na0.02Pb0.98Te,2.675,W/m$\cdot$K,400,K
175,Ca0.9Yb0.1MnO3,1.6387099999999999,W/m$\cdot$K,400,K
176,AgCrSe2,0.956,W/m$\cdot$K,300,K
177,Sr0.145Ga0.302Ge0.553,0.81,W/m$\cdot$K,300,K
178,CeFe4Sb12,1.55,W/m$\cdot$K,300,K
179,Bi2Sr2Co2O8,2.1246,W/m$\cdot$K,400,K
180,In1.994Ge0.006O3,7.206919999999999,W/m$\cdot$K,400,K
181,Zn0.95Al0.05O,6.23,W/m$\cdot$K,1000,K
182,Ba8Ga16Ge30,1.79,W/m$\cdot$K,400,K
183,Na0.02Pb0.98Te0.75Se0.25,1.29643,W/m$\cdot$K,700,K
184,NbCo1.05Sn,7.6719,W/m$\cdot$K,1000,K
185,Sn1.2S1.2Ti2S4,2.66,W/m$\cdot$K,300,K
186,In1.985Ge0.015O3,7.04775,W/m$\cdot$K,400,K
187,Zr0.15Hf0.15Ti0.7NiSn,3.072,W/m$\cdot$K,400,K
188,Ca0.7Y0.3MnO3,1.5369205959999999,W/m$\cdot$K,1000,K
189,SrNb0.15Ti0.85O3,4.696000000000001,W/m$\cdot$K,400,K
190,SrTi0.8Nb0.2O3,2.555,W/m$\cdot$K,1000,K
191,Mg2Si0.9985Bi0.0015,7.08,W/m$\cdot$K,300,K
192,CaGd0.96Mn0.04O3,1.78652,W/m$\cdot$K,300,K
193,SrTi0.8Nb0.2O3,8.57,W/m$\cdot$K,400,K
194,Mg2Si0.6Ge0.4Ag0.02,2.57,W/m$\cdot$K,700,K
195,Ba0.3Sr0.6La0.1TiO3,1.91,W/m$\cdot$K,700,K
196,CaMnO3,3.3114,W/m$\cdot$K,700,K
197,CaYb0.1Mn0.9O3,1.61396,W/m$\cdot$K,700,K
198,CaYb0.05Mn0.95O3,1.4902799999999998,W/m$\cdot$K,300,K
199,La0.98Sr0.02CoO3,1.8,W/m$\cdot$K,300,K
200,Ba8Ga16Ge30,1.94,W/m$\cdot$K,300,K
201,Fe0.998Co0.002Si2,5.02,W/m$\cdot$K,1000,K
202,CuCr0.95Mg0.05O2,9.5221,W/m$\cdot$K,300,K
203,Nd2CuO4,3.94,W/m$\cdot$K,1000,K
204,Mg1.95Ca0.05Si,3.8,W/m$\cdot$K,700,K
205,TiNiSn,6.72,W/m$\cdot$K,400,K
206,ZrNi0.76Co0.004Cu0.2Sn,6.02,W/m$\cdot$K,300,K
207,Fe1.96Ti0.04O3,3.54,W/m$\cdot$K,1000,K
208,In1.985Ge0.015O3,4.61902,W/m$\cdot$K,700,K
209,Sr0.9La0.1TiO3,3.15,W/m$\cdot$K,1000,K
210,Zr0.15Hf0.15Ti0.7NiSn,3.157,W/m$\cdot$K,700,K
211,CaGd0.94Mn0.06O3,2.5699,W/m$\cdot$K,400,K
212,Ti0.95Nb0.05NiSn,5.2517,W/m$\cdot$K,700,K
213,CaGd0.96Mn0.04O3,1.28033,W/m$\cdot$K,1000,K
214,Ca3Co4O9,1.8,W/m$\cdot$K,700,K
215,Ca3AlSb3,1.1,W/m$\cdot$K,400,K
216,Fe1.3Mo6S8,3.4165,W/m$\cdot$K,1000,K
217,CeFe3CoSb12,2.07,W/m$\cdot$K,700,K
218,Sr0.9La0.1TiO3,3.83,W/m$\cdot$K,700,K
219,Ca0.9Tb0.1MnO3,1.6040432519999999,W/m$\cdot$K,1000,K
220,Fe1.94Ti0.06O3,5.93,W/m$\cdot$K,400,K
221,La3Te3.35Bi0.65,1.9669999999999999,W/m$\cdot$K,300,K
222,Sn1.2S1.2Ti2S4,2.03,W/m$\cdot$K,400,K
223,Zn4Sb3,0.7829999999999999,W/m$\cdot$K,300,K
224,Pb0.94Sr0.04TeNa0.02,2.13,W/m$\cdot$K,400,K
225,Ca0.9Nd0.1MnO3,2.4130700000000003,W/m$\cdot$K,400,K
226,Ca2.97Na0.03AlSb3,0.84,W/m$\cdot$K,700,K
227,Si0.8Ge0.2,2.5546900000000003,W/m$\cdot$K,1000,K
228,CaYb0.15Mn0.85O3,1.69435,W/m$\cdot$K,1000,K
229,Ca2.4Na0.3Bi0.3Co4O9,1.8,W/m$\cdot$K,700,K
230,Ti0.98Nb0.02NiSn,5.085,W/m$\cdot$K,700,K
231,CaMnO3,3.3060699999999996,W/m$\cdot$K,400,K
232,Zn0.98Al0.02O,12.4,W/m$\cdot$K,700,K
233,Ca0.9Ho0.1MnO3,2.18525,W/m$\cdot$K,700,K
234,Ca2Co2O5,2.3,W/m$\cdot$K,300,K
235,Zr0.95Nb0.05NiSn,6.2417,W/m$\cdot$K,1000,K
236,Ca2.94Na0.06AlSb3,1.65,W/m$\cdot$K,300,K
237,Nd2CuO4,13.7,W/m$\cdot$K,400,K
238,Sr2Ti0.8Nb0.2O4,4.37,W/m$\cdot$K,300,K
239,CaYb0.1Mn0.9O3,1.6386900000000002,W/m$\cdot$K,400,K
240,Zn4Sb3,0.77,W/m$\cdot$K,300,K
241,CeFe3.5Co0.5Sb13,2.38,W/m$\cdot$K,400,K
242,Li0.0242Ni0.9758O,2.5497900000000002,W/m$\cdot$K,1000,K
243,NbCo1.05Sn,6.8867199999999995,W/m$\cdot$K,300,K
244,Cu1.98Se,1.73,W/m$\cdot$K,400,K
245,Ca2.7Bi0.3Co4O9,2.0,W/m$\cdot$K,300,K
246,Zr0.35Hf0.35Ti0.3NiSn,2.8369999999999997,W/m$\cdot$K,400,K
247,Sm0.5Ca0.5MnO3,1.9,W/m$\cdot$K,300,K
248,La0.99Sr0.01CoO3,1.807,W/m$\cdot$K,300,K
249,WO2.722,6.8797,W/m$\cdot$K,700,K
250,In2O3,9.6695,W/m$\cdot$K,300,K
251,Yb14MnSb11,0.816,W/m$\cdot$K,700,K
252,Ca0.9Nd0.1MnO3,2.38232,W/m$\cdot$K,1000,K
253,Ag9TlTe5,0.2,W/m$\cdot$K,700,K
254,Na0.02Pb0.98Te0.85Se0.15,1.26786,W/m$\cdot$K,700,K
255,CaYb0.15Mn0.85O3,1.64488,W/m$\cdot$K,300,K
256,CuCr0.97Mg0.03O2,6.4607,W/m$\cdot$K,400,K
257,In1.8Ge0.2O3,3.23848,W/m$\cdot$K,300,K
258,Mo6Te6S2,2.1249599999999997,W/m$\cdot$K,300,K
259,Ba8Ga16Ge30,1.7,W/m$\cdot$K,300,K
260,In0.2Co4Sb12,1.93658,W/m$\cdot$K,700,K
261,Ca0.7Y0.3MnO3,1.793253904,W/m$\cdot$K,300,K
262,CuCr0.98Mg0.02O2,5.8378,W/m$\cdot$K,700,K
263,Zn0.995Al0.005O,8.25,W/m$\cdot$K,1000,K
264,Ba8Ga18Ge28,1.1,W/m$\cdot$K,700,K
265,Sr0.61Ba0.39Nb2O6,2.0205,W/m$\cdot$K,400,K
266,Li0.0066Ni0.9944O,6.0105,W/m$\cdot$K,700,K
267,Ca0.9Bi0.1MnO3,2.2145,W/m$\cdot$K,700,K
268,Sb2Te3,5.205245902,W/m$\cdot$K,300,K
269,Ca0.98Bi0.02Mn0.98Nb0.02O3,2.51281,W/m$\cdot$K,300,K
270,Ba8Ga16Ge30,1.42,W/m$\cdot$K,400,K
271,Zr0.99Nb0.01NiSn,6.0617,W/m$\cdot$K,1000,K
272,Ti0.98Nb0.02NiSn,7.4261,W/m$\cdot$K,300,K
273,La3Te3.35Bi0.65,1.37,W/m$\cdot$K,1000,K
274,Sr0.9Y0.1TiO3,4.5,W/m$\cdot$K,1000,K
275,In2O3,3.86562,W/m$\cdot$K,700,K
276,Ni2.0Mo6S8,2.3304,W/m$\cdot$K,400,K
277,In0.2Co4Sb12,2.5704700000000003,W/m$\cdot$K,300,K
278,ZrNiSn,8.395,W/m$\cdot$K,400,K
279,Bi2Te3,1.468195804,W/m$\cdot$K,300,K
280,Fe1.3Mo6S8,2.775,W/m$\cdot$K,700,K
281,CaYb0.05Mn0.95O3,1.61396,W/m$\cdot$K,1000,K
282,In1.998Ge0.002O3,9.1565,W/m$\cdot$K,300,K
283,CeFe3CoSb12,1.98,W/m$\cdot$K,400,K
284,ZrNiSn,5.9849,W/m$\cdot$K,700,K
285,Ca0.9Ho0.1MnO3,2.06759,W/m$\cdot$K,400,K
286,Cu1.98Se,1.25,W/m$\cdot$K,300,K
287,Mg1.9Ca0.1Si,5.2,W/m$\cdot$K,300,K
288,Na0.02Pb0.98Te0.85Se0.15,2.21786,W/m$\cdot$K,400,K
289,Zr0.35Hf0.35Ti0.3NiSn,2.9419999999999997,W/m$\cdot$K,700,K
290,Nd2Cu0.98Zn0.02O4,3.63,W/m$\cdot$K,1000,K
291,Ca2.4Na0.3Bi0.3Co4O9,1.9,W/m$\cdot$K,400,K
292,Tl9BiTe6,0.409,W/m$\cdot$K,400,K
293,Ba8Ga18Ge28,1.0,W/m$\cdot$K,1000,K
294,Yb14MnSb11,0.715,W/m$\cdot$K,1000,K
295,CuCr0.99Mg0.01O2,4.9475,W/m$\cdot$K,1000,K
296,Li0.0066Ni0.9944O,5.30518,W/m$\cdot$K,1000,K
297,In2O3,6.773289999999999,W/m$\cdot$K,400,K
298,CaMn0.98Nb0.02O3,1.38075,W/m$\cdot$K,1000,K
299,CaMnO3,2.9729900000000002,W/m$\cdot$K,400,K
300,In1.94Ge0.06O3,6.6037,W/m$\cdot$K,400,K
301,Ca2.7Na0.3Co4O9,2.0,W/m$\cdot$K,700,K
302,Na0.02Pb0.98Te0.75Se0.25,2.15357,W/m$\cdot$K,400,K
303,Mo3Te4,3.91172,W/m$\cdot$K,400,K
304,Mo6Te6S2,3.45435,W/m$\cdot$K,1000,K
305,ZnO,33.22,W/m$\cdot$K,400,K
306,La2.99Te4,2.87,W/m$\cdot$K,1000,K
307,Pb0.98TeNa0.02,4.29,W/m$\cdot$K,300,K
308,CuCrO2,6.1557,W/m$\cdot$K,400,K
309,Sr4.5Nb4.5O15.5,2.45,W/m$\cdot$K,300,K
310,Zn0.95Al0.05O,14.3,W/m$\cdot$K,700,K
311,Bi2Sr2Co2O8,2.0678,W/m$\cdot$K,700,K
312,NbCoSn,6.904439999999999,W/m$\cdot$K,300,K
313,Ca0.7Y0.3MnO3,1.514920146,W/m$\cdot$K,700,K
314,Ba8Au5.59Si39.01,1.62,W/m$\cdot$K,400,K
315,Zr0.5Hf0.5NiSn,4.087,W/m$\cdot$K,300,K
316,Ag9TlTe5,0.2,W/m$\cdot$K,300,K
317,Nd2Cu0.98Ni0.02O4,9.811,W/m$\cdot$K,300,K
318,In0.05Co4Sb12,1.7376200000000002,W/m$\cdot$K,400,K
319,CaMnO3,2.06537,W/m$\cdot$K,1000,K
320,Zn4Sb3,0.6933,W/m$\cdot$K,700,K
321,Sb0.005I0.015Cs0.995Bi3.98Te5.97,1.5,W/m$\cdot$K,300,K
322,LaFe3CoSb12,1.6,W/m$\cdot$K,300,K
323,Sr2Ti0.8Nb0.2O4,2.48,W/m$\cdot$K,700,K
324,In0.25Co4Sb12,2.13453,W/m$\cdot$K,700,K
325,Ca2.94Na0.06AlSb3,1.27,W/m$\cdot$K,400,K
326,Ca0.98Bi0.02Mn0.98Nb0.02O3,1.87848,W/m$\cdot$K,700,K
327,Zr0.15Hf0.15Ti0.7NiSn,3.3939999999999997,W/m$\cdot$K,300,K
328,NaCo2O4,5.7025,W/m$\cdot$K,700,K
329,Li0.0242Ni0.9758O,3.49599,W/m$\cdot$K,700,K
330,Zr0.94Y0.06NiSn0.96Sb0.04,8.35,W/m$\cdot$K,300,K
331,La3Te3.35Sb0.65,0.987,W/m$\cdot$K,1000,K
332,Li0.0024Ni0.9976O,8.44401,W/m$\cdot$K,1000,K
333,Mg2Si,4.5,W/m$\cdot$K,300,K
334,Ba8Au5.14Si39.51,1.86,W/m$\cdot$K,300,K
335,La2.99Te4,2.605,W/m$\cdot$K,400,K
336,Mo3Te4,4.451969999999999,W/m$\cdot$K,700,K
337,ZnO,8.58,W/m$\cdot$K,1000,K
338,Ca0.9Tb0.1MnO3,1.574660559,W/m$\cdot$K,700,K
339,Bi1.2S1.2Ti2S4,2.11,W/m$\cdot$K,700,K
340,Nd2CuO4,29.6,W/m$\cdot$K,300,K
341,CuRh0.9Mg0.1O2,8.391860000000001,W/m$\cdot$K,1000,K
342,ZrNi0.76Co0.004Cu0.2Sn,5.3,W/m$\cdot$K,400,K
343,In0.25Co4Sb12,2.5585299999999997,W/m$\cdot$K,300,K
344,Ba8Ga16Ge30,1.63,W/m$\cdot$K,400,K
345,SrNb0.15Ti0.85O3,5.88,W/m$\cdot$K,300,K
346,Zr0.94Y0.06NiSn0.96Sb0.04,6.51,W/m$\cdot$K,400,K
347,Zn0.99Al0.01O,44.495,W/m$\cdot$K,300,K
348,La0.8Sr0.2CoO3,3.69579,W/m$\cdot$K,300,K
349,SrNd0.17Ti0.83O3,3.397,W/m$\cdot$K,1000,K
350,CuCr0.95Mg0.05O2,8.0871,W/m$\cdot$K,700,K
351,SrNd0.2Ti0.8O3,3.1968,W/m$\cdot$K,1000,K
352,CaMnO3,2.15813,W/m$\cdot$K,700,K
353,Ba8Ga16Ge30,2.0,W/m$\cdot$K,1000,K
354,Na0.02Pb0.98Te0.85Se0.15,3.0142900000000004,W/m$\cdot$K,300,K
355,Mg2Si0.9985Bi0.0015,5.07,W/m$\cdot$K,400,K
356,SrNd0.17Ti0.83O3,5.35,W/m$\cdot$K,400,K
357,SrTi0.8Nb0.2O3,3.14,W/m$\cdot$K,1000,K
358,Zr0.98Nb0.02NiSn,6.4517,W/m$\cdot$K,700,K
359,Ca2.85Na0.15AlSb3,0.68,W/m$\cdot$K,1000,K
360,Nd2Cu0.98Ni0.02O4,8.03,W/m$\cdot$K,400,K
361,Ca2.85Na0.15AlSb3,1.59,W/m$\cdot$K,300,K
362,Mg2Si,7.25,W/m$\cdot$K,300,K
363,Tl0.02Pb0.98Te,2.16832,W/m$\cdot$K,300,K
364,Ba0.6Sr0.4PbO3,2.36416,W/m$\cdot$K,400,K
365,Fe0.998Co0.002Si2,5.69,W/m$\cdot$K,300,K
366,Ca0.9Nd0.1MnO3,2.41558,W/m$\cdot$K,700,K
367,SrTi0.8Nb0.2O3,7.96,W/m$\cdot$K,300,K
368,Sr2Ti0.8Nb0.2O4,3.59,W/m$\cdot$K,400,K
369,Ag0.15Sb0.15Te1.15Ge0.85,1.65073,W/m$\cdot$K,700,K
370,Nd2Cu0.98Ni0.02O4,3.9019999999999997,W/m$\cdot$K,1000,K
371,CaMnO3,2.09242,W/m$\cdot$K,1000,K
372,In1.94Ge0.06O3,3.06296,W/m$\cdot$K,1000,K
373,Zn0.95Al0.05O,34.5,W/m$\cdot$K,300,K
374,Zn0.995Al0.005O,44.495,W/m$\cdot$K,300,K
375,Zn0.995Al0.005O,30.21,W/m$\cdot$K,400,K
376,Ca0.9Ho0.1MnO3,2.23936,W/m$\cdot$K,1000,K
377,Ca4.75Na0.25Al2Sb6,0.82,W/m$\cdot$K,700,K
378,Mg2Si0.6Ge0.4Ag0.02,3.48,W/m$\cdot$K,1000,K
379,Sr0.61Ba0.39Nb2O6,1.6669999999999998,W/m$\cdot$K,300,K
380,Ba8Ga16Ge30,1.6,W/m$\cdot$K,1000,K
381,Zr0.4Hf0.4Ti0.2NiSn,3.196,W/m$\cdot$K,700,K
382,Zr0.25Hf0.25Ti0.5NiSn,3.003,W/m$\cdot$K,400,K
383,Si0.79936Ge0.19984B0.0008,4.14497,W/m$\cdot$K,400,K
384,Ni2.0Mo6S8,1.7135,W/m$\cdot$K,300,K
385,CaYb0.1Mn0.9O3,1.72527,W/m$\cdot$K,300,K
386,Ca2.7Bi0.3Co4O9,2.05,W/m$\cdot$K,1000,K
387,Cu4.0Mo6S8,2.0386,W/m$\cdot$K,1000,K
388,Fe0.978Co0.00196Si1.96Y0.12O0.18,2.86,W/m$\cdot$K,300,K
389,Ca2.7Na0.3Co4O9,2.05,W/m$\cdot$K,1000,K
390,Ca3Co4O9,3.15,W/m$\cdot$K,700,K
391,Fe0.978Co0.00196Si1.96Y0.04O0.06,4.21,W/m$\cdot$K,1000,K
392,CeFe3.5Co0.5Sb12,2.4,W/m$\cdot$K,300,K
393,Ca3Co4O9,3.51,W/m$\cdot$K,300,K
394,Sr0.61Ba0.39Nb2O6,2.1717,W/m$\cdot$K,700,K
395,Na0.02Pb0.98Te0.75Se0.25,1.1964299999999999,W/m$\cdot$K,1000,K
396,CeFe4Sb12,1.703,W/m$\cdot$K,700,K
397,CaMnO3,1.6787400000000001,W/m$\cdot$K,1000,K
398,Tl2Cu2SnTe4,0.377,W/m$\cdot$K,300,K
399,Zn4Sb3,0.75,W/m$\cdot$K,700,K
400,In1.985Ge0.015O3,9.41949,W/m$\cdot$K,300,K
401,Ca0.7Tb0.3MnO3,1.465854004,W/m$\cdot$K,400,K
402,CaMn0.98Nb0.02O3,2.5,W/m$\cdot$K,300,K
403,Zr0.5Hf0.5NiSn,3.53,W/m$\cdot$K,400,K
404,SrNb0.15Ti0.85O3,3.0780000000000003,W/m$\cdot$K,1000,K
405,Fe1.96Ti0.04O3,4.7,W/m$\cdot$K,700,K
406,Yb14MnSb11,0.8440000000000001,W/m$\cdot$K,400,K
407,Mg2Si0.995Bi0.005,6.55,W/m$\cdot$K,300,K
408,Si0.8Ge0.2,2.56641,W/m$\cdot$K,700,K
409,La3Te3.35Sb0.65,1.36,W/m$\cdot$K,400,K
410,Zr0.25Hf0.25Ti0.5NiSn,3.2539999999999996,W/m$\cdot$K,700,K
411,Na0.02Pb0.98Te,3.99643,W/m$\cdot$K,300,K
412,CaYb0.05Mn0.95O3,1.60159,W/m$\cdot$K,700,K
413,In1.994Ge0.006O3,3.48967,W/m$\cdot$K,1000,K
414,Sr3Ti1.6Nb0.4O7,4.96,W/m$\cdot$K,300,K
415,Zn0.995Al0.005O,13.525,W/m$\cdot$K,700,K
416,Zn4Sb3,0.76,W/m$\cdot$K,300,K
417,CuRh0.9Mg0.1O2,10.0099,W/m$\cdot$K,700,K
418,Fe1.96Sn0.04O3,6.17,W/m$\cdot$K,400,K
419,Ca3AlSb3,1.45,W/m$\cdot$K,300,K
420,Mo6Te7S,4.60973,W/m$\cdot$K,1000,K
421,Mg1.9Ca0.1Si,4.7,W/m$\cdot$K,400,K
422,Ca2.85Na0.15AlSb3,0.84,W/m$\cdot$K,700,K
423,Ba8Ga16Ge30,1.43,W/m$\cdot$K,1000,K
424,CaYb0.05Mn0.95O3,1.47173,W/m$\cdot$K,400,K
425,Mg2Si0.993Bi0.007,4.4,W/m$\cdot$K,700,K
426,Mo6Te7S,3.97842,W/m$\cdot$K,700,K
427,SrTi0.8Nb0.2O3,10.42,W/m$\cdot$K,300,K
428,CaMnO3,3.4447,W/m$\cdot$K,1000,K
429,CuCr0.98Mg0.02O2,4.833,W/m$\cdot$K,1000,K
430,Cu2Se,0.915,W/m$\cdot$K,700,K
431,Zn0.98Al0.02O,40.29,W/m$\cdot$K,300,K
432,Fe0.978Co0.00196Si1.96Y0.12O0.18,3.22,W/m$\cdot$K,1000,K
433,Li0.0024Ni0.9976O,11.390999999999998,W/m$\cdot$K,700,K
434,Ba0.8Sr0.2PbO3,3.3063599999999997,W/m$\cdot$K,400,K
435,NbCoSn,9.926639999999999,W/m$\cdot$K,1000,K
436,Ti0.95Nb0.05NiSn,5.4917,W/m$\cdot$K,1000,K
437,La3Te3.65Sb0.35,1.98,W/m$\cdot$K,700,K
438,La0.95Sr0.05CoO3,1.8,W/m$\cdot$K,300,K
439,Ca0.98Bi0.02Mn0.98Nb0.02O3,1.7359799999999999,W/m$\cdot$K,1000,K
440,Fe0.978Co0.00196Si1.96Y0.12O0.18,2.96,W/m$\cdot$K,700,K
441,Mg2Si0.999Bi0.001,8.52,W/m$\cdot$K,300,K
442,Na0.02Pb0.98Te0.85Se0.15,1.18929,W/m$\cdot$K,1000,K
443,Cr1.3Mo6S8,2.1055,W/m$\cdot$K,400,K
444,Ca0.9Bi0.1Mn0.9Nb0.1O3,1.6869,W/m$\cdot$K,1000,K
445,Ca0.7Ho0.3MnO3,2.143851851,W/m$\cdot$K,300,K
446,SrNd0.17Ti0.83O3,6.19,W/m$\cdot$K,300,K
447,Mg1.9Ca0.1Si,3.8,W/m$\cdot$K,700,K
448,Ti0.95Nb0.05NiSn,6.9595,W/m$\cdot$K,300,K
449,Zr0.99Nb0.01NiSn,8.2117,W/m$\cdot$K,400,K
450,Ca3Co4O9,1.9,W/m$\cdot$K,400,K
451,CaMnO3,16.23,W/m$\cdot$K,300,K
452,Zr0.5Hf0.5NiSn1.994Sb0.006,2.6455415209999997,W/m$\cdot$K,400,K
453,CaGd0.94Mn0.06O3,2.84951,W/m$\cdot$K,300,K
454,Cu2Se,1.04,W/m$\cdot$K,400,K
455,Mg2Si,3.25,W/m$\cdot$K,700,K
456,Ba0.6Sr0.4PbO3,2.3063599999999997,W/m$\cdot$K,300,K
457,Ti0.99Nb0.01NiSn,6.2917,W/m$\cdot$K,1000,K
458,CaMn0.96Ru0.04O3,2.88165,W/m$\cdot$K,1000,K
459,ZrNiSn0.98Sb0.02,7.95,W/m$\cdot$K,400,K
460,CeFe3CoSb12,1.37,W/m$\cdot$K,300,K
461,Ca2Co2O5,2.6,W/m$\cdot$K,700,K
462,Ba8Ga16Ge30,1.62,W/m$\cdot$K,700,K
463,Zr0.95Nb0.05NiSn,8.2117,W/m$\cdot$K,400,K
464,Mg2Si,3.05,W/m$\cdot$K,700,K
465,CuCr0.97Mg0.03O2,4.7763,W/m$\cdot$K,1000,K
466,CaMnO3,2.16539,W/m$\cdot$K,700,K
467,Fe1.3Mo6S8,1.8524,W/m$\cdot$K,400,K
468,Mg2Si0.6Ge0.4Bi0.02,1.94,W/m$\cdot$K,700,K
469,Sr1.6La0.4Nb2O7,1.8,W/m$\cdot$K,300,K
470,Ba0.3Sr0.6La0.1TiO3,4.07,W/m$\cdot$K,300,K
471,NbCo1.10Sn,5.83,W/m$\cdot$K,400,K
472,Ca2.94Na0.06AlSb3,0.86,W/m$\cdot$K,700,K
473,Si0.7956Ge0.1989P0.0055,3.6656800000000005,W/m$\cdot$K,1000,K
474,Zr0.5Hf0.5NiSn1.998Sb0.002,2.887113404,W/m$\cdot$K,300,K
475,Ca0.9Y0.1MnO3,1.4823922280000001,W/m$\cdot$K,400,K
476,Pb0.98TeNa0.02,1.44,W/m$\cdot$K,700,K
477,WO2.722,7.817,W/m$\cdot$K,400,K
478,TiNiSn,4.5516,W/m$\cdot$K,700,K
479,Ca2.85Na0.15AlSb3,1.24,W/m$\cdot$K,400,K
480,Zn0.99Al0.01O,8.25,W/m$\cdot$K,1000,K
481,Ag0.15Sb0.15Te1.15Ge0.85,1.49875,W/m$\cdot$K,300,K
482,Ba8Ga16Ge30,2.0,W/m$\cdot$K,400,K
483,In0.15Co4Sb12,1.8615400000000002,W/m$\cdot$K,700,K
484,Ca0.7Tb0.3MnO3,1.6808204359999999,W/m$\cdot$K,1000,K
485,NaCo2O4,19.08,W/m$\cdot$K,300,K
486,NbCoSn,7.9584,W/m$\cdot$K,400,K
487,Ba0.8Sr0.2PbO3,2.74566,W/m$\cdot$K,300,K
488,Ba7SrAl16Si30,2.31,W/m$\cdot$K,300,K
489,Sr0.147Ga0.298Ge0.555,1.216,W/m$\cdot$K,300,K
490,Ca4.75Na0.25Al2Sb6,1.45,W/m$\cdot$K,300,K
491,Sr0.61Ba0.39Nb2O6,1.6669999999999998,W/m$\cdot$K,300,K
492,Li0.0024Ni0.9976O,16.1715,W/m$\cdot$K,400,K
493,BaPbO3,3.78035,W/m$\cdot$K,300,K
494,Ca4.75Na0.25Al2Sb6,0.703,W/m$\cdot$K,1000,K
495,Nd2Cu0.98Ni0.02O4,5.25,W/m$\cdot$K,700,K
496,In0.1Co4Sb12,1.74246,W/m$\cdot$K,700,K
497,Mg2Si0.98Bi0.02,3.6,W/m$\cdot$K,700,K
498,Zr0.25Hf0.25Ti0.5NiSn,3.0626,W/m$\cdot$K,300,K
499,In0.15Co4Sb12,1.9946400000000002,W/m$\cdot$K,400,K
500,Fe0.978Co0.00196Si1.96Y0.12O0.18,2.64,W/m$\cdot$K,400,K
501,CuCr0.97Mg0.03O2,7.1396,W/m$\cdot$K,300,K
502,In1.985Ge0.015O3,3.5358099999999997,W/m$\cdot$K,1000,K
503,NaCo2O4,1.834,W/m$\cdot$K,400,K
504,WO2.9,3.1764,W/m$\cdot$K,400,K
505,Ca4.95Na0.05Al2Sb6,1.49,W/m$\cdot$K,300,K
506,Mg2Si0.999Bi0.001,5.7,W/m$\cdot$K,400,K
507,Mg2Si0.6Ge0.4Ag0.02,4.11,W/m$\cdot$K,300,K
508,Ca2.94Na0.06AlSb3,0.698,W/m$\cdot$K,1000,K
509,Zr0.5Hf0.5NiSn1.994Sb0.006,2.766860566,W/m$\cdot$K,300,K
510,Cu1.98Se,1.45,W/m$\cdot$K,700,K
511,CaGd0.96Mn0.04O3,1.34638,W/m$\cdot$K,700,K
512,Ca0.7Ho0.3MnO3,1.524264065,W/m$\cdot$K,400,K
513,CaMn0.96Ru0.04O3,3.75786,W/m$\cdot$K,400,K
514,ZnO,14.65,W/m$\cdot$K,700,K
515,Bi2Sr2Co2O8,2.18498,W/m$\cdot$K,300,K
516,Mg2Si0.6Ge0.4Bi0.02,2.62,W/m$\cdot$K,400,K
517,CuCr0.99Mg0.01O2,6.9663,W/m$\cdot$K,300,K
518,SrDy0.08Ti0.92O3,3.74,W/m$\cdot$K,400,K
519,CuCr0.97Mg0.03O2,5.6659,W/m$\cdot$K,700,K
520,Mg2Si0.98Ag0.02,3.16,W/m$\cdot$K,1000,K
521,Bi2Sr2Co2O8,1.9731,W/m$\cdot$K,1000,K
522,CuCr0.96Mg0.04O2,8.7669,W/m$\cdot$K,400,K
523,Mo6Te6S2,2.3744400000000003,W/m$\cdot$K,400,K
524,Ca2.7Na0.3Co4O9,1.9,W/m$\cdot$K,400,K
525,Ca0.9Bi0.1MnO3,1.8414,W/m$\cdot$K,1000,K
526,CeFe4Sb12,1.57,W/m$\cdot$K,400,K
527,In0.2Co4Sb12,2.2137700000000002,W/m$\cdot$K,400,K
528,Tl0.02Pb0.98Te,1.0099,W/m$\cdot$K,700,K
529,In1.998Ge0.002O3,2.93072,W/m$\cdot$K,1000,K
530,Mg2Si0.98Bi0.02,5.63,W/m$\cdot$K,400,K
531,Sr0.61Ba0.39Nb2O6,1.6669999999999998,W/m$\cdot$K,300,K
532,SrNd0.24Ti0.76O3,5.98,W/m$\cdot$K,300,K
533,ZrNiSn,6.6417,W/m$\cdot$K,1000,K
534,TiNiSn,5.1951,W/m$\cdot$K,400,K
535,LaCoO3,1.87927,W/m$\cdot$K,300,K
536,Zn4Sb3,1.01,W/m$\cdot$K,300,K
537,Si0.7956Ge0.1989P0.0055,4.22929,W/m$\cdot$K,400,K
538,Nd2Cu0.98Zn0.02O4,17.1,W/m$\cdot$K,300,K
539,Zr0.35Hf0.35Ti0.3NiSn,3.17,W/m$\cdot$K,300,K
540,La3Te3.65Sb0.35,1.85,W/m$\cdot$K,1000,K
541,Zn4Sb3,0.743,W/m$\cdot$K,700,K
542,Ba0.3Sr0.6La0.1TiO3,3.36,W/m$\cdot$K,400,K
543,La2.74Te4,1.24,W/m$\cdot$K,300,K
544,CaYb0.1Mn0.9O3,1.58304,W/m$\cdot$K,1000,K
545,CaGd0.96Mn0.04O3,1.6149,W/m$\cdot$K,400,K
546,Ba8Au5.14Si39.51,1.61,W/m$\cdot$K,400,K
547,Zr0.4Hf0.4Ti0.2NiSn,3.8139999999999996,W/m$\cdot$K,300,K
548,Mo3Te4,5.29114,W/m$\cdot$K,1000,K
549,Mg2Si0.98Bi0.02,7.13,W/m$\cdot$K,300,K
550,La3Te3.8Sb0.2,2.66,W/m$\cdot$K,1000,K
551,Ba8Au6.10Si38.97,2.95,W/m$\cdot$K,700,K
552,La2.74Te4,1.17,W/m$\cdot$K,400,K
553,Mg2Si0.9985Bi0.0015,3.29,W/m$\cdot$K,700,K
554,Ca3Co4O9,1.75,W/m$\cdot$K,1000,K
555,Ca0.9Tb0.1MnO3,1.571097028,W/m$\cdot$K,400,K
556,Mg2Si0.98Ag0.02,7.83,W/m$\cdot$K,300,K
557,CaYb0.15Mn0.85O3,1.6696099999999998,W/m$\cdot$K,700,K
558,CuCr0.99Mg0.01O2,5.7042,W/m$\cdot$K,700,K
559,Pb1.8S1.8Ti2S4,2.9,W/m$\cdot$K,300,K
560,Nd2Cu0.98Zn0.02O4,11.1,W/m$\cdot$K,400,K
561,SrNd0.24Ti0.76O3,3.22,W/m$\cdot$K,1000,K
562,Ca2Co2O5,2.9,W/m$\cdot$K,1000,K
563,Mg2Si0.6Ge0.4Bi0.02,2.98,W/m$\cdot$K,300,K
564,Si0.79936Ge0.19984B0.0008,3.8165699999999996,W/m$\cdot$K,700,K
565,Nd2Cu0.98Zn0.02O4,5.22,W/m$\cdot$K,700,K
566,ZnO,48.7,W/m$\cdot$K,300,K
567,In1.8Ge0.2O3,1.63073,W/m$\cdot$K,1000,K
568,Ca0.9Y0.1MnO3,1.488878233,W/m$\cdot$K,300,K
569,NbCo1.05Sn,7.00955,W/m$\cdot$K,400,K
570,SrNd0.2Ti0.8O3,3.45,W/m$\cdot$K,700,K
571,Cr1.3Mo6S8,1.9384,W/m$\cdot$K,300,K
572,Ba8Au5.59Si39.01,1.77,W/m$\cdot$K,300,K
573,In1.994Ge0.006O3,4.58432,W/m$\cdot$K,700,K
574,Ba8Ga16Ge30,1.52,W/m$\cdot$K,300,K
575,Pb0.97Sr0.02TeNa0.01,3.07,W/m$\cdot$K,300,K
576,La3Te3.65Sb0.35,2.06,W/m$\cdot$K,400,K
577,CaMnO3,3.1783,W/m$\cdot$K,400,K
578,Pb0.98TeNa0.02,3.18,W/m$\cdot$K,400,K
579,Ca2.4Na0.3Bi0.3Co4O9,2.0,W/m$\cdot$K,300,K
580,CaYb0.15Mn0.85O3,1.57067,W/m$\cdot$K,400,K
581,Ca0.9Ho0.1MnO3,1.470944215,W/m$\cdot$K,1000,K
582,NbCo1.10Sn,6.23152,W/m$\cdot$K,700,K
583,Mg2Si0.995Bi0.005,5.41,W/m$\cdot$K,400,K
584,NbCo1.10Sn,5.80227,W/m$\cdot$K,300,K
585,In0.3Co4Sb12,2.15872,W/m$\cdot$K,400,K
586,Nd2CuO4,4.19,W/m$\cdot$K,700,K
587,Ca4.95Na0.05Al2Sb6,1.2,W/m$\cdot$K,400,K
588,Ti0.98Nb0.02NiSn,5.975,W/m$\cdot$K,1000,K
589,CuCrO2,3.7083,W/m$\cdot$K,1000,K
590,Ca0.9Yb0.1MnO3,1.58808,W/m$\cdot$K,1000,K
591,Ba8Ga18Ge28,1.5,W/m$\cdot$K,300,K
592,Sr3Ti1.6Nb0.4O7,2.72,W/m$\cdot$K,700,K
593,Zr0.5Hf0.5NiSn,3.2739999999999996,W/m$\cdot$K,700,K
594,Zr0.95Nb0.05NiSn,8.8594,W/m$\cdot$K,300,K
595,Ba8Ga16Ge30,1.26,W/m$\cdot$K,1000,K
596,NaCo2O4,13.53,W/m$\cdot$K,400,K
597,Ba8Ga16Ge30,2.0,W/m$\cdot$K,300,K
598,Mg2Si0.997Bi0.003,4.76,W/m$\cdot$K,400,K
599,TiNiSn,6.4417,W/m$\cdot$K,1000,K
600,Ag9TlTe5,0.21,W/m$\cdot$K,400,K
601,Ca2Co2O5,2.35,W/m$\cdot$K,400,K
602,Sr0.61Ba0.39Nb2O6,2.1717,W/m$\cdot$K,700,K
603,In1.94Ge0.06O3,3.8999900000000003,W/m$\cdot$K,700,K
604,Pb0.94Sr0.04TeNa0.02,2.85,W/m$\cdot$K,300,K
605,In0.25Co4Sb12,2.26473,W/m$\cdot$K,400,K
606,Ca0.96Bi0.04Mn0.96Nb0.04O3,2.2675,W/m$\cdot$K,300,K
607,WO2.9,3.4727,W/m$\cdot$K,700,K
608,Ca0.98Bi0.02Mn0.98Nb0.02O3,2.27454,W/m$\cdot$K,400,K
609,Zr0.5Hf0.5NiSn1.998Sb0.002,2.712932995,W/m$\cdot$K,400,K
610,CeFe3.5Co0.5Sb14,2.49,W/m$\cdot$K,700,K
611,SrTi0.8Nb0.2O3,4.92,W/m$\cdot$K,700,K
612,NaCo2O4,2.093,W/m$\cdot$K,700,K
613,CuCrO2,4.8843,W/m$\cdot$K,700,K
614,Zr0.5Hf0.5NiSn,3.113096927,W/m$\cdot$K,700,K
615,La2.74Te4,0.893,W/m$\cdot$K,1000,K
616,Bi1.2S1.2Ti2S4,2.41,W/m$\cdot$K,400,K
617,Mn1.3Mo6S8,2.8822,W/m$\cdot$K,1000,K
618,Zn0.99Al0.01O,13.525,W/m$\cdot$K,700,K
619,CuCr0.99Mg0.01O2,6.4029,W/m$\cdot$K,400,K
620,La3Te3.8Sb0.2,2.4019999999999997,W/m$\cdot$K,300,K
621,Ca2.7Bi0.3Co4O9,2.0,W/m$\cdot$K,700,K
622,In0.05Co4Sb12,1.56386,W/m$\cdot$K,700,K
623,CaMn0.98Nb0.02O3,2.07513,W/m$\cdot$K,400,K
624,Ba8Ga16Ge30,2.0,W/m$\cdot$K,700,K
625,CuCr0.95Mg0.05O2,9.0158,W/m$\cdot$K,400,K
626,Zn0.9975Al0.0025O,2.78,W/m$\cdot$K,300,K
627,Ag0.15Sb0.15Te1.15Ge0.85,1.53108,W/m$\cdot$K,400,K
628,In1.9Ge0.1O3,3.24419,W/m$\cdot$K,700,K
629,Zr0.4Hf0.4Ti0.2NiSn,3.345,W/m$\cdot$K,400,K
630,Li0.0242Ni0.9758O,3.7507800000000002,W/m$\cdot$K,400,K
631,Ca0.7Tb0.3MnO3,2.170001556,W/m$\cdot$K,300,K
632,TiNiSn,7.72,W/m$\cdot$K,300,K
633,Ba8Ga16Ge30,1.56,W/m$\cdot$K,700,K
634,Fe1.94Ti0.06O3,3.35,W/m$\cdot$K,1000,K
635,Zn4Sb3,0.743,W/m$\cdot$K,400,K
636,In1.9Ge0.1O3,6.84738,W/m$\cdot$K,300,K
637,Yb14MnSb11,0.84,W/m$\cdot$K,300,K
638,BaPbO3,5.11561,W/m$\cdot$K,700,K
639,In0.05Co4Sb12,2.08661,W/m$\cdot$K,300,K
640,SrNd0.24Ti0.76O3,5.29,W/m$\cdot$K,400,K
641,CaMn0.98Nb0.02O3,1.63069,W/m$\cdot$K,700,K
642,AgCrSe2,0.3998,W/m$\cdot$K,400,K
643,Ba0.6Sr0.4PbO3,2.44509,W/m$\cdot$K,700,K
644,Sb2Te3,3.377777778,W/m$\cdot$K,300,K
645,In0.2Co4Sb12,2.08031,W/m$\cdot$K,400,K
646,Mn1.3Mo6S8,2.3532,W/m$\cdot$K,700,K
647,In0.3Co4Sb12,2.0140000000000002,W/m$\cdot$K,700,K
648,Ca0.9Y0.1MnO3,1.6291577169999998,W/m$\cdot$K,1000,K
649,Ca3Co4O9,2.0,W/m$\cdot$K,300,K
650,Ca0.9Tb0.1MnO3,1.84225,W/m$\cdot$K,1000,K
651,ZrNiSn0.98Sb0.02,8.5,W/m$\cdot$K,300,K
652,Sr0.9Y0.1TiO3,5.0,W/m$\cdot$K,700,K
653,Fe0.998Co0.002Si2,5.34,W/m$\cdot$K,400,K
654,Fe1.96Sn0.04O3,4.22,W/m$\cdot$K,700,K
655,Ca0.9Yb0.1MnO3,1.60943,W/m$\cdot$K,700,K
656,Fe1.96Sn0.04O3,6.84,W/m$\cdot$K,300,K
657,Na0.02Pb0.98Te0.75Se0.25,2.69643,W/m$\cdot$K,300,K
658,Fe0.978Co0.00196Si1.96Y0.04O0.06,4.09,W/m$\cdot$K,400,K
659,Tl0.01Pb0.99Te,1.9421,W/m$\cdot$K,300,K
660,LaFe3CoSb12,1.57,W/m$\cdot$K,700,K
661,Mg1.95Ca0.05Si,5.6,W/m$\cdot$K,300,K
662,SrNd0.2Ti0.8O3,4.83,W/m$\cdot$K,400,K
663,Ca0.96Bi0.04Mn0.96Nb0.04O3,1.8785,W/m$\cdot$K,700,K
664,Ca2.97Na0.03AlSb3,1.24,W/m$\cdot$K,400,K
665,Ca2.7Bi0.3Co4O9,1.9,W/m$\cdot$K,400,K
666,Cu2Se,0.97,W/m$\cdot$K,300,K
667,Ca4.75Na0.25Al2Sb6,1.16,W/m$\cdot$K,400,K
668,Sr0.9Y0.1TiO3,7.0,W/m$\cdot$K,300,K
669,In1.9Ge0.1O3,5.09141,W/m$\cdot$K,400,K
670,Ca0.9Y0.1MnO3,1.6007676919999998,W/m$\cdot$K,700,K
671,Mg1.95Ca0.05Si,4.9,W/m$\cdot$K,400,K
672,Sm1.7Ca0.3MnO3,1.1,W/m$\cdot$K,300,K
673,Cu2Se,0.745,W/m$\cdot$K,1000,K
674,Mn1.3Mo6S8,1.4323,W/m$\cdot$K,300,K
675,Ti0.98Nb0.02NiSn,6.3283,W/m$\cdot$K,400,K
676,Ca3Co4O9,3.444,W/m$\cdot$K,400,K
677,Sr2Ti0.8Nb0.2O4,1.92,W/m$\cdot$K,1000,K
678,Zr0.98Nb0.02NiSn,8.6783,W/m$\cdot$K,400,K
679,Sn1.2S1.2Ti2S4,1.69,W/m$\cdot$K,700,K
680,In2O3,2.9762299999999997,W/m$\cdot$K,1000,K
681,Ti0.99Nb0.01NiSn,4.8184,W/m$\cdot$K,700,K
682,Fe1.94Ti0.06O3,6.39,W/m$\cdot$K,300,K
683,TlTiPS5,0.7829999999999999,W/m$\cdot$K,300,K
684,In0.3Co4Sb12,2.68777,W/m$\cdot$K,300,K
685,WO2.9,3.6010000000000004,W/m$\cdot$K,1000,K
686,La3Te3.8Sb0.2,2.72,W/m$\cdot$K,700,K
687,Si0.79936Ge0.19984B0.0008,3.59911,W/m$\cdot$K,1000,K
688,Mg2Si0.98Ag0.02,6.06,W/m$\cdot$K,400,K
689,Mo6Te7S,3.09729,W/m$\cdot$K,400,K
690,Ca5Al2Sb6,0.764,W/m$\cdot$K,700,K
691,NaCo2O4,2.2237,W/m$\cdot$K,1000,K
692,Cu4.0Mo6S8,1.7908,W/m$\cdot$K,700,K
693,Zn4Sb3,0.74,W/m$\cdot$K,700,K
694,Zr0.5Hf0.5NiSn1.998Sb0.002,2.946859925,W/m$\cdot$K,700,K
695,Ca0.9Ho0.1MnO3,1.545616006,W/m$\cdot$K,400,K
696,Cu4.0Mo6S8,1.4306,W/m$\cdot$K,400,K
697,La3Te3.35Sb0.65,1.47,W/m$\cdot$K,300,K
698,Tl0.01Pb0.99Te,0.965347,W/m$\cdot$K,700,K
699,La3Te3.65Sb0.35,2.05,W/m$\cdot$K,300,K
700,Ag0.15Sb0.15Te1.15Ge0.85,2.27167,W/m$\cdot$K,1000,K
701,CuCr0.96Mg0.04O2,7.9727,W/m$\cdot$K,700,K
702,Ba8Ga18Ge28,1.4,W/m$\cdot$K,400,K
703,ZrNiSn,10.1428,W/m$\cdot$K,300,K
704,Pb0.94Sr0.04TeNa0.02,0.98,W/m$\cdot$K,1000,K
705,In1.8Ge0.2O3,1.83597,W/m$\cdot$K,700,K
706,TiNiSn,7.71,W/m$\cdot$K,1000,K
707,La2.99Te4,2.46,W/m$\cdot$K,300,K
708,Ba7SrAl16Si30,2.57,W/m$\cdot$K,1000,K
709,CuCrO2,6.5859,W/m$\cdot$K,300,K
710,Mg2Si0.995Bi0.005,4.29,W/m$\cdot$K,700,K
711,Zr0.98Nb0.02NiSn,10.0594,W/m$\cdot$K,300,K
712,Fe1.96Ti0.04O3,6.87,W/m$\cdot$K,400,K
713,Fe0.978Co0.00196Si1.96Y0.04O0.06,3.95,W/m$\cdot$K,700,K
714,Si0.8Ge0.2,2.44922,W/m$\cdot$K,300,K
715,Na0.02Pb0.98Te,1.39286,W/m$\cdot$K,700,K
716,Zn0.99Al0.01O,30.21,W/m$\cdot$K,400,K
717,Zn0.9975Al0.0025O,2.687,W/m$\cdot$K,400,K
718,Fe0.978Co0.00196Si1.96Y0.04O0.06,4.59,W/m$\cdot$K,300,K
719,Ca0.9Tb0.1MnO3,1.48358962,W/m$\cdot$K,300,K
720,Zr0.98Nb0.02NiSn,6.2083,W/m$\cdot$K,1000,K
721,SrDy0.08Ti0.92O3,2.97,W/m$\cdot$K,1000,K
722,Fe0.998Co0.002Si2,4.9,W/m$\cdot$K,700,K
723,Pb0.94Sr0.04TeNa0.02,1.18,W/m$\cdot$K,700,K
724,Sr0.146Ga0.285Ge0.569,1.06,W/m$\cdot$K,300,K
725,Zr0.99Nb0.01NiSn,9.6761,W/m$\cdot$K,300,K
726,SrNd0.17Ti0.83O3,3.87,W/m$\cdot$K,700,K
727,Si0.7956Ge0.1989P0.0055,4.139469999999999,W/m$\cdot$K,300,K
728,AgCrSe2,0.2056,W/m$\cdot$K,700,K
729,CuCr0.96Mg0.04O2,9.2934,W/m$\cdot$K,300,K
730,Mg2Si0.98Ag0.02,3.67,W/m$\cdot$K,700,K
731,NbCoSn,9.74108,W/m$\cdot$K,700,K
732,Zr0.5Hf0.5NiSn,3.948955807,W/m$\cdot$K,300,K
733,Zn4Sb3,0.74,W/m$\cdot$K,400,K
734,Mg2Si0.6Ge0.4Bi0.02,1.73,W/m$\cdot$K,1000,K
735,Fe1.96Sn0.04O3,3.08,W/m$\cdot$K,1000,K
736,Ca2.7Na0.3Co4O9,2.0,W/m$\cdot$K,300,K
737,In0.2Co4Sb12,1.9414,W/m$\cdot$K,700,K
738,Tl0.02Pb0.98Te,1.6559400000000002,W/m$\cdot$K,400,K
739,In0.15Co4Sb12,2.29861,W/m$\cdot$K,300,K
740,Ba0.4Sr0.6PbO3,2.13295,W/m$\cdot$K,400,K
741,In0.1Co4Sb12,1.90897,W/m$\cdot$K,400,K
742,Pb0.97Sr0.02TeNa0.01,1.03,W/m$\cdot$K,700,K
743,CaMnO3,2.9898,W/m$\cdot$K,300,K
744,Si0.79936Ge0.19984B0.0008,4.33976,W/m$\cdot$K,300,K
745,CoSb3,13.0,W/mK,Standard,"[{'name': 'Temperature', 'scalars': [{'value': 'Standard'}]}, {'name': 'Pressure', 'scalars': [{'value': 'Standard'}]}]"
746,Bi2Te3,2.0,W/mK,Standard,"[{'name': 'Temperature', 'scalars': [{'value': 'Standard'}]}, {'name': 'Pressure', 'scalars': [{'value': 'Standard'}]}]"
747,PbTe,1.91,W/mK,Standard,"[{'name': 'Temperature', 'scalars': [{'value': 'Standard'}]}, {'name': 'Pressure', 'scalars': [{'value': 'Standard'}]}]"
748,SiGe,7.1,W/mK,Standard,"[{'name': 'Temperature', 'scalars': [{'value': 'Standard'}]}, {'name': 'Pressure', 'scalars': [{'value': 'Standard'}]}]"
749,BiSbTe3,0.5,W/mK,Standard,"[{'name': 'Temperature', 'scalars': [{'value': 'Standard'}]}, {'name': 'Pressure', 'scalars': [{'value': 'Standard'}]}]"
750,CeFe4Sb12,15.0,W/mK,Standard,"[{'name': 'Temperature', 'scalars': [{'value': 'Standard'}]}, {'name': 'Pressure', 'scalars': [{'value': 'Standard'}]}]"
751,Sb2Te3,0.75,W/mK,Standard,"[{'name': 'Temperature', 'scalars': [{'value': 'Standard'}]}, {'name': 'Pressure', 'scalars': [{'value': 'Standard'}]}]"
752,Yb14MnSb11,1.1,W/mK,Standard,"[{'name': 'Temperature', 'scalars': [{'value': 'Standard'}]}, {'name': 'Pressure', 'scalars': [{'value': 'Standard'}]}]"
753,TiO2,0.44,W\m K,Room temperature,"[{'name': 'Temperature', 'scalars': [{'value': 'Room temperature'}]}]"
754,TiO2,0.38,W\m K,Room temperature,"[{'name': 'Temperature', 'scalars': [{'value': 'Room temperature'}]}]"
755,TiO2,0.53,W\m K,Room temperature,"[{'name': 'Temperature', 'scalars': [{'value': 'Room temperature'}]}]"
756,TiO2,0.34,W\m K,Room temperature,"[{'name': 'Temperature', 'scalars': [{'value': 'Room temperature'}]}]"
757,TiO2,1.11,W\m K,Room temperature,"[{'name': 'Temperature', 'scalars': [{'value': 'Room temperature'}]}]"
758,TiO2,0.38,W\m K,Room temperature,"[{'name': 'Temperature', 'scalars': [{'value': 'Room temperature'}]}]"
759,TiO2,0.59,W\m K,Room temperature,"[{'name': 'Temperature', 'scalars': [{'value': 'Room temperature'}]}]"
760,TiO2,1.29,W\m K,Room temperature,"[{'name': 'Temperature', 'scalars': [{'value': 'Room temperature'}]}]"
761,TiO2,1.05,W\m K,Room temperature,"[{'name': 'Temperature', 'scalars': [{'value': 'Room temperature'}]}]"
762,TiO2,1.26,W\m K,Room temperature,"[{'name': 'Temperature', 'scalars': [{'value': 'Room temperature'}]}]"
763,TiO2,1.05,W\m K,Room temperature,"[{'name': 'Temperature', 'scalars': [{'value': 'Room temperature'}]}]"
764,TiO2,0.46,W\m K,Room temperature,"[{'name': 'Temperature', 'scalars': [{'value': 'Room temperature'}]}]"
765,TiO2,0.32,W\m K,Room temperature,"[{'name': 'Temperature', 'scalars': [{'value': 'Room temperature'}]}]"
766,TiO2,1.21,W\m K,Room temperature,"[{'name': 'Temperature', 'scalars': [{'value': 'Room temperature'}]}]"
767,TiO2,0.39,W\m K,Room temperature,"[{'name': 'Temperature', 'scalars': [{'value': 'Room temperature'}]}]"
768,TiO2,2.54,W\m K,Room temperature,"[{'name': 'Temperature', 'scalars': [{'value': 'Room temperature'}]}]"
769,TiO2,0.38,W\m K,Room temperature,"[{'name': 'Temperature', 'scalars': [{'value': 'Room temperature'}]}]"
770,TiO2,1.02,W\m K,Room temperature,"[{'name': 'Temperature', 'scalars': [{'value': 'Room temperature'}]}]"
771,TiO2,0.39,W\m K,Room temperature,"[{'name': 'Temperature', 'scalars': [{'value': 'Room temperature'}]}]"
772,TiO2,0.87,W\m K,Room temperature,"[{'name': 'Temperature', 'scalars': [{'value': 'Room temperature'}]}]"
773,TiO2,0.29,W\m K,Room temperature,"[{'name': 'Temperature', 'scalars': [{'value': 'Room temperature'}]}]"
774,TiO2,0.48,W\m K,Room temperature,"[{'name': 'Temperature', 'scalars': [{'value': 'Room temperature'}]}]"
775,CaO,15.0,Wm$^{-1}$K$^{-1}$,373,K
776,SiO2,1.6,Wm$^{-1}$K$^{-1}$,298,K
777,C,108.0,Wm$^{-1}$K$^{-1}$,298,K
778,MgAl2O4,16.0,Wm$^{-1}$K$^{-1}$,298,K
779,AlN,36.0,Wm$^{-1}$K$^{-1}$,298,K
780,TiB2,70.0,Wm$^{-1}$K$^{-1}$,373,K
781,B4C,30.0,Wm$^{-1}$K$^{-1}$,298,K
782,ZrB2,73.0,Wm$^{-1}$K$^{-1}$,373,K
783,Si3N4,30.0,Wm$^{-1}$K$^{-1}$,298,K
784,ZrSiO4,8.0,Wm$^{-1}$K$^{-1}$,298,K
785,TiO2,9.2,Wm$^{-1}$K$^{-1}$,373,K
786,TiC,30.0,Wm$^{-1}$K$^{-1}$,298,K
787,WC,40.0,Wm$^{-1}$K$^{-1}$,298,K
788,TiN,25.0,Wm$^{-1}$K$^{-1}$,373,K
789,BeO,300.0,Wm$^{-1}$K$^{-1}$,298,K
790,U2O,12.0,Wm$^{-1}$K$^{-1}$,298,K
791,Si,150.0,Wm$^{-1}$K$^{-1}$,298,K
792,ZrC,31.0,Wm$^{-1}$K$^{-1}$,773,K
793,Al6Si2O13,6.0,Wm$^{-1}$K$^{-1}$,373,K
794,SiC,110.0,Wm$^{-1}$K$^{-1}$,298,K
795,SiO2,6.5,Wm$^{-1}$K$^{-1}$,298,K
796,SiO2,11.0,Wm$^{-1}$K$^{-1}$,298,K
797,Al2O3,38.0,Wm$^{-1}$K$^{-1}$,298,K
798,ZrO2,1.8,Wm$^{-1}$K$^{-1}$,298,K
799,ThO2,14.0,Wm$^{-1}$K$^{-1}$,298,K
800,MgO,40.0,Wm$^{-1}$K$^{-1}$,298,K
801,CaO,8.7,Wm$^{-1}$K$^{-1}$,773,K
802,SiO2,1.7,Wm$^{-1}$K$^{-1}$,373,K
803,C,107.0,Wm$^{-1}$K$^{-1}$,373,K
804,MgAl2O4,15.0,Wm$^{-1}$K$^{-1}$,373,K
805,AlN,33.0,Wm$^{-1}$K$^{-1}$,373,K
806,TiB2,64.0,Wm$^{-1}$K$^{-1}$,773,K
807,B4C,25.0,Wm$^{-1}$K$^{-1}$,373,K
808,ZrB2,67.0,Wm$^{-1}$K$^{-1}$,773,K
809,Si3N4,28.0,Wm$^{-1}$K$^{-1}$,373,K
810,ZrSiO4,5.8,Wm$^{-1}$K$^{-1}$,373,K
811,TiO2,4.5,Wm$^{-1}$K$^{-1}$,773,K
812,TiC,32.0,Wm$^{-1}$K$^{-1}$,373,K
813,WC,45.0,Wm$^{-1}$K$^{-1}$,1273,K
814,TiN,27.0,Wm$^{-1}$K$^{-1}$,773,K
815,BeO,220.0,Wm$^{-1}$K$^{-1}$,373,K
816,U2O,8.0,Wm$^{-1}$K$^{-1}$,373,K
817,Si,110.0,Wm$^{-1}$K$^{-1}$,373,K
818,ZrC,35.0,Wm$^{-1}$K$^{-1}$,1273,K
819,Al6Si2O13,4.5,Wm$^{-1}$K$^{-1}$,773,K
820,SiC,90.0,Wm$^{-1}$K$^{-1}$,373,K
821,SiO2,5.0,Wm$^{-1}$K$^{-1}$,373,K
822,SiO2,8.3,Wm$^{-1}$K$^{-1}$,373,K
823,Al2O3,35.0,Wm$^{-1}$K$^{-1}$,373,K
824,ZrO2,1.8,Wm$^{-1}$K$^{-1}$,373,K
825,ThO2,12.0,Wm$^{-1}$K$^{-1}$,373,K
826,MgO,35.0,Wm$^{-1}$K$^{-1}$,373,K
827,CaO,7.8,Wm$^{-1}$K$^{-1}$,1273,K
828,SiO2,2.1,Wm$^{-1}$K$^{-1}$,773,K
829,C,76.0,Wm$^{-1}$K$^{-1}$,773,K
830,MgAl2O4,9.0,Wm$^{-1}$K$^{-1}$,773,K
831,AlN,23.0,Wm$^{-1}$K$^{-1}$,773,K
832,B4C,21.0,Wm$^{-1}$K$^{-1}$,773,K
833,Si3N4,21.0,Wm$^{-1}$K$^{-1}$,773,K
834,ZrSiO4,4.8,Wm$^{-1}$K$^{-1}$,773,K
835,TiO2,3.3,Wm$^{-1}$K$^{-1}$,1273,K
836,TiC,36.0,Wm$^{-1}$K$^{-1}$,773,K
837,WC,50.0,Wm$^{-1}$K$^{-1}$,1773,K
838,BeO,70.0,Wm$^{-1}$K$^{-1}$,773,K
839,U2O,4.5,Wm$^{-1}$K$^{-1}$,773,K
840,Si,45.0,Wm$^{-1}$K$^{-1}$,773,K
841,Al6Si2O13,4.0,Wm$^{-1}$K$^{-1}$,1273,K
842,SiC,65.0,Wm$^{-1}$K$^{-1}$,773,K
843,SiO2,3.6,Wm$^{-1}$K$^{-1}$,773,K
844,SiO2,5.0,Wm$^{-1}$K$^{-1}$,773,K
845,Al2O3,11.0,Wm$^{-1}$K$^{-1}$,773,K
846,ZrO2,2.0,Wm$^{-1}$K$^{-1}$,773,K
847,ThO2,6.0,Wm$^{-1}$K$^{-1}$,773,K
848,MgO,16.0,Wm$^{-1}$K$^{-1}$,773,K
849,SiO2,5.0,Wm$^{-1}$K$^{-1}$,1273,K
850,MgAl2O4,6.0,Wm$^{-1}$K$^{-1}$,1273,K
851,B4C,71.0,Wm$^{-1}$K$^{-1}$,1273,K
852,Si3N4,14.5,Wm$^{-1}$K$^{-1}$,1273,K
853,ZrSiO4,4.2,Wm$^{-1}$K$^{-1}$,1273,K
854,TiC,40.0,Wm$^{-1}$K$^{-1}$,1273,K
855,BeO,18.0,Wm$^{-1}$K$^{-1}$,1273,K
856,U2O,3.2,Wm$^{-1}$K$^{-1}$,1273,K
857,Si,26.0,Wm$^{-1}$K$^{-1}$,1273,K
858,SiC,45.0,Wm$^{-1}$K$^{-1}$,1273,K
859,Al2O3,7.0,Wm$^{-1}$K$^{-1}$,1273,K
860,ZrO2,2.2,Wm$^{-1}$K$^{-1}$,1273,K
861,ThO2,2.0,Wm$^{-1}$K$^{-1}$,1273,K
862,MgO,7.0,Wm$^{-1}$K$^{-1}$,1273,K
863,B4C,15.0,Wm$^{-1}$K$^{-1}$,1773,K
864,Si3N4,13.0,Wm$^{-1}$K$^{-1}$,1773,K
865,TiC,45.0,Wm$^{-1}$K$^{-1}$,1773,K
866,BeO,14.0,Wm$^{-1}$K$^{-1}$,1773,K
867,SiC,40.0,Wm$^{-1}$K$^{-1}$,1773,K
868,Al2O3,6.0,Wm$^{-1}$K$^{-1}$,1773,K
869,ZrO2,2.4,Wm$^{-1}$K$^{-1}$,1773,K
870,ThO2,2.0,Wm$^{-1}$K$^{-1}$,1773,K
871,MgO,6.5,Wm$^{-1}$K$^{-1}$,1773,K
